{
  "北京": "beijing",
  "天津": "tianjin",
  "上海": "shanghai",
  "重庆": "chongqing",
  "石家庄": "shijiazhuang",
  "唐山": "tangshan",
  "秦皇岛": "qinhuangdao",
  "邯郸": "handan",
  "保定": "baoding",
  "张家口": "zhangjiakou",
  "承德": "chengde",
  "沧州": "cangzhou",
  "廊坊": "langfang",
  "衡水": "hengshui",
  "太原": "taiyuan",
  "大同": "datong",
  "长治": "changzhi",
  "晋城": "jincheng",
  "朔州": "shuozhou",
  "呼和浩特": "huhehaote",
  "包头": "baotou",
  "赤峰": "chifeng",
  "通辽": "tongliao",
  "鄂尔多斯": "eerduosi",
  "沈阳": "shenyang",
  "大连": "dalian",
  "鞍山": "anshan",
  "抚顺": "fushun",
  "本溪": "benxi",
  "丹东": "dandong",
  "锦州": "jinzhou",
  "营口": "yingkou",
  "阜新": "fuxin",
  "辽阳": "liaoyang",
  "铁岭": "tieling",
  "朝阳": "chaoyang",
  "盘锦": "panjin",
  "长春": "changchun",
  "吉林": "jilin",
  "四平": "siping",
  "辽源": "liaoyuan",
  "通化": "tonghua",
  "白山": "baishan",
  "松原": "songyuan",
  "哈尔滨": "haerbin",
  "齐齐哈尔": "qiqihaer",
  "牡丹江": "mudanjiang",
  "佳木斯": "jiamusi",
  "大庆": "daqing",
  "伊春": "yichun",
  "绥化": "suihua",
  "南京": "nanjing",
  "无锡": "wuxi",
  "徐州": "xuzhou",
  "常州": "changzhou",
  "苏州": "suzhou",
  "南通": "nantong",
  "连云港": "lianyungang",
  "淮安": "huaian",
  "盐城": "yancheng",
  "扬州": "yangzhou",
  "镇江": "zhenjiang",
  "泰州": "taizhou",
  "宿迁": "suqian",
  "杭州": "hangzhou",
  "宁波": "ningbo",
  "温州": "wenzhou",
  "嘉兴": "jiaxing",
  "湖州": "huzhou",
  "绍兴": "shaoxing",
  "金华": "jinhua",
  "衢州": "quzhou",
  "舟山": "zhoushan",
  "台州": "taizhou",
  "丽水": "lishui",
  "合肥": "hefei",
  "芜湖": "wuhu",
  "蚌埠": "bengbu",
  "淮南": "huainan",
  "马鞍山": "maanshan",
  "安庆": "anqing",
  "黄山": "huangshan",
  "滁州": "chuzhou",
  "阜阳": "fuyang",
  "宿州": "suzhou",
  "六安": "luan",
  "亳州": "bozhou",
  "池州": "chizhou",
  "宣城": "xuancheng",
  "福州": "fuzhou",
  "厦门": "xiamen",
  "泉州": "quanzhou",
  "漳州": "zhangzhou",
  "莆田": "putian",
  "三明": "sanming",
  "南平": "nanping",
  "龙岩": "longyan",
  "宁德": "ningde",
  "南昌": "nanchang",
  "九江": "jiujiang",
  "赣州": "ganzhou",
  "景德镇": "jingdezhen",
  "萍乡": "pingxiang",
  "新余": "xinyu",
  "鹰潭": "yingtan",
  "吉安": "jian",
  "宜春": "yichun",
  "抚州": "fuzhou",
  "上饶": "shangrao",
  "济南": "jinan",
  "青岛": "qingdao",
  "淄博": "zibo",
  "烟台": "yantai",
  "潍坊": "weifang",
  "济宁": "jining",
  "泰安": "taian",
  "威海": "weihai",
  "日照": "rizhao",
  "临沂": "linyi",
  "德州": "dezhou",
  "東京": "tokyo",
  "大阪": "osaka",
  "京都": "kyoto",
  "横浜": "yokohama",
  "ソウル": "seoul",
  "釜山": "busan",
  "Singapore": "singapore",
  "Bangkok": "bangkok",
  "Kuala Lumpur": "kualalumpur",
  "Jakarta": "jakarta",
  "Bali": "bali",
  "Ho Chi Minh City": "hochiminhcity",
  "Hanoi": "hanoi",
  "Manila": "manila",
  "Dubai": "dubai",
  "Abu Dhabi": "abudhabi",
  "Doha": "doha",
  "Istanbul": "istanbul",
  "Mumbai": "mumbai",
  "Delhi": "delhi",
  "Bengaluru": "bengaluru",
  "London": "london",
  "Manchester": "manchester",
  "Edinburgh": "edinburgh",
  "Paris": "paris",
  "Lyon": "lyon",
  "Berlin": "berlin",
  "Munich": "munich",
  "Frankfurt": "frankfurt",
  "Hamburg": "hamburg",
  "Amsterdam": "amsterdam",
  "Rotterdam": "rotterdam",
  "Brussels": "brussels",
  "Vienna": "vienna",
  "Zurich": "zurich",
  "Geneva": "geneva",
  "Milan": "milan",
  "Rome": "rome",
  "Venice": "venice",
  "Barcelona": "barcelona",
  "Madrid": "madrid",
  "Lisbon": "lisbon",
  "Prague": "prague",
  "Budapest": "budapest",
  "Warsaw": "warsaw",
  "Copenhagen": "copenhagen",
  "Stockholm": "stockholm",
  "Oslo": "oslo",
  "Helsinki": "helsinki",
  "Athens": "athens",
  "Dublin": "dublin",
  "Reykjavik": "reykjavik",
  "Moscow": "moscow",
  "Saint Petersburg": "saintpetersburg",
  "New York": "newyork",
  "Manhattan": "manhattan",
  "Los Angeles": "losangeles",
  "San Francisco": "sanfrancisco",
  "Seattle": "seattle",
  "Chicago": "chicago",
  "Boston": "boston",
  "Miami": "miami",
  "Las Vegas": "lasvegas",
  "Toronto": "toronto",
  "Vancouver": "vancouver",
  "Montreal": "montreal",
  "Mexico City": "mexicocity",
  "Sao Paulo": "saopaulo",
  "Rio de Janeiro": "riodejaneiro",
  "Buenos Aires": "buenosaires",
  "Santiago": "santiago",
  "Lima": "lima",
  "Bogota": "bogota",
  "Sydney": "sydney",
  "Melbourne": "melbourne",
  "Brisbane": "brisbane",
  "Perth": "perth",
  "Auckland": "auckland",
  "Wellington": "wellington",
  "Cairo": "cairo",
  "Cape Town": "capetown",
  "Johannesburg": "johannesburg",
  "Nairobi": "nairobi"
}
